<?xml version="1.0" encoding="utf-8" ?>
<dwsync>
<file name="page-login.php" server="hz199109.ftp.aliapp.com" local="132038782570794459" remote="131770944000000000" Dst="0" />
<file name="page-register.php" server="hz199109.ftp.aliapp.com" local="132038782570894311" remote="131796000000000000" Dst="0" />
<file name="statics.php" server="hz199109.ftp.aliapp.com" local="132038782571922368" remote="131953421400000000" Dst="0" />
<file name="verification.js" server="hz199109.ftp.aliapp.com" local="132038782572166914" remote="131770944000000000" Dst="0" />
<file name="page-login.php" server="hyu5717630001.my3w.com" local="132080668101913496" remote="132080379600000000" Dst="0" />
<file name="page-register.php" server="hyu5717630001.my3w.com" local="132038782570894311" remote="132039218400000000" Dst="0" />
<file name="statics.php" server="hyu5717630001.my3w.com" local="132080667922131909" remote="132080379600000000" Dst="0" />
<file name="verification.js" server="hyu5717630001.my3w.com" local="132038782572166914" remote="132039218400000000" Dst="0" />
</dwsync>