<?xml version="1.0" encoding="utf-8" ?>
<dwsync>
<file name="avatar.jpg" server="hz199109.ftp.aliapp.com" local="131771757789634920" remote="131771408400000000" Dst="0" />
<file name="HD.jpg" server="hz199109.ftp.aliapp.com" local="131771691664646548" remote="131771401800000000" Dst="0" />
<file name="cd-arrow.svg" server="hz199109.ftp.aliapp.com" local="131771757789966058" remote="131771408400000000" Dst="0" />
<file name="f-logo.png" server="hz199109.ftp.aliapp.com" local="131771757790944094" remote="131771408400000000" Dst="0" />
<file name="favicon.ico" server="hz199109.ftp.aliapp.com" local="131771691666326098" remote="131771446200000000" Dst="0" />
<file name="gotop.png" server="hz199109.ftp.aliapp.com" local="131771757790964055" remote="131771408400000000" Dst="0" />
<file name="grid.png" server="hz199109.ftp.aliapp.com" local="131771757790974036" remote="131771408400000000" Dst="0" />
<file name="login.png" server="hz199109.ftp.aliapp.com" local="131771757792026972" remote="131771408400000000" Dst="0" />
<file name="login_loading.gif" server="hz199109.ftp.aliapp.com" local="131771757792051896" remote="131771408400000000" Dst="0" />
<file name="none.png" server="hz199109.ftp.aliapp.com" local="131771757793208598" remote="131771408400000000" Dst="0" />
<file name="postload.gif" server="hz199109.ftp.aliapp.com" local="131776914639306624" remote="131776629600000000" Dst="0" />
<file name="temp.jpg" server="hz199109.ftp.aliapp.com" local="131771757816957932" remote="131771408400000000" Dst="0" />
<file name="wave1.png" server="hz199109.ftp.aliapp.com" local="131771757831800970" remote="131771408400000000" Dst="0" />
<file name="wave2.png" server="hz199109.ftp.aliapp.com" local="131771757831885793" remote="131771408400000000" Dst="0" />
<file name="hd.jpg" server="hz199109.ftp.aliapp.com" local="131771757793258508" remote="131771408400000000" Dst="0" />
<file name="social_icon.png" server="hz199109.ftp.aliapp.com" local="131773260166366075" remote="131772972000000000" Dst="0" />
<file name="icons.png" server="hz199109.ftp.aliapp.com" local="131773287174054261" remote="131773003200000000" Dst="0" />
</dwsync>