<?xml version="1.0" encoding="utf-8" ?>
<dwsync>
<file name="color-picker.min.js" server="hz199109.ftp.aliapp.com" local="132038782534809933" remote="131770944000000000" Dst="0" />
<file name="iris.min.js" server="hz199109.ftp.aliapp.com" local="132038782535763165" remote="131770944000000000" Dst="0" />
<file name="media-uploader.js" server="hz199109.ftp.aliapp.com" local="132038782536222288" remote="131770944000000000" Dst="0" />
<file name="options-custom.js" server="hz199109.ftp.aliapp.com" local="132038782536891148" remote="131770944000000000" Dst="0" />
<file name="color-picker.min.js" server="hyu5717630001.my3w.com" local="132038782534809933" remote="132039218400000000" Dst="0" />
<file name="iris.min.js" server="hyu5717630001.my3w.com" local="132038782535763165" remote="132039218400000000" Dst="0" />
<file name="media-uploader.js" server="hyu5717630001.my3w.com" local="132038782536222288" remote="132039219000000000" Dst="0" />
<file name="options-custom.js" server="hyu5717630001.my3w.com" local="132038782536891148" remote="132039218400000000" Dst="0" />
</dwsync>