<?xml version="1.0" encoding="utf-8" ?>
<dwsync>
<file name="content-category.php" server="hz199109.ftp.aliapp.com" local="132038782564808010" remote="131796864000000000" Dst="0" />
<file name="content-image.php" server="hz199109.ftp.aliapp.com" local="132038782565516726" remote="131796864000000000" Dst="0" />
<file name="content-none.php" server="hz199109.ftp.aliapp.com" local="132038782566180118" remote="131770944000000000" Dst="0" />
<file name="content-page.php" server="hz199109.ftp.aliapp.com" local="132038782566639263" remote="131813280000000000" Dst="0" />
<file name="content-search.php" server="hz199109.ftp.aliapp.com" local="132038782566649237" remote="131770944000000000" Dst="0" />
<file name="content-single.php" server="hz199109.ftp.aliapp.com" local="132038782567513343" remote="131813280000000000" Dst="0" />
<file name="content-status.php" server="hz199109.ftp.aliapp.com" local="132038782567987599" remote="131816736000000000" Dst="0" />
<file name="content-thumb.php" server="hz199109.ftp.aliapp.com" local="132038782567997582" remote="131796864000000000" Dst="0" />
<file name="content.php" server="hz199109.ftp.aliapp.com" local="132038782568905890" remote="131796864000000000" Dst="0" />
<file name="single-image.php" server="hz199109.ftp.aliapp.com" local="132038782569120490" remote="131813280000000000" Dst="0" />
<file name="content-category.php" server="hyu5717630001.my3w.com" local="132038782564808010" remote="132039218400000000" Dst="0" />
<file name="content-image.php" server="hyu5717630001.my3w.com" local="132038782565516726" remote="132039218400000000" Dst="0" />
<file name="content-none.php" server="hyu5717630001.my3w.com" local="132038782566180118" remote="132039218400000000" Dst="0" />
<file name="content-page.php" server="hyu5717630001.my3w.com" local="132038782566639263" remote="132039218400000000" Dst="0" />
<file name="content-search.php" server="hyu5717630001.my3w.com" local="132038782566649237" remote="132039218400000000" Dst="0" />
<file name="content-single.php" server="hyu5717630001.my3w.com" local="132038782567513343" remote="132039218400000000" Dst="0" />
<file name="content-status.php" server="hyu5717630001.my3w.com" local="132038782567987599" remote="132039218400000000" Dst="0" />
<file name="content-thumb.php" server="hyu5717630001.my3w.com" local="132038782567997582" remote="132039218400000000" Dst="0" />
<file name="content.php" server="hyu5717630001.my3w.com" local="132038782568905890" remote="132039218400000000" Dst="0" />
<file name="single-image.php" server="hyu5717630001.my3w.com" local="132038782569120490" remote="132039218400000000" Dst="0" />
</dwsync>